CompanyCode__,CurrencyFrom__,RatioFrom__,RatioTo__,Rate__
CH01,EUR,1,1,0.9321
CH01,GBP,1,1,0.7923
CH01,CHF,1,1,1.0000
CH01,CAD,1,1,1.5187
CH01,AUD,1,1,1.6542
UK01,EUR,1,1,0.9321
UK01,GBP,1,1,1.0000
UK01,CHF,1,1,1.1360
UK01,CAD,1,1,1.7258
UK01,AUD,1,1,1.9103
FR01,EUR,1,1,1.0000
FR01,GBP,1,1,0.8512
FR01,CHF,1,1,0.9321
FR01,CAD,1,1,1.4218
FR01,AUD,1,1,1.6003
US01,EUR,1,1,1.0842
US01,GBP,1,1,1.2634
US01,CHF,1,1,1.1240
US01,CAD,1,1,1.3872
US01,AUD,1,1,1.5589
DE01,EUR,1,1,1.0000
DE01,GBP,1,1,0.8512
DE01,CHF,1,1,0.9321
DE01,CAD,1,1,1.4218
DE01,AUD,1,1,1.6003
