"CompanyCodes__","TaxCode__","Description__","TaxRate__","TaxType__","TaxRoundingPriority__","TaxClassification__","TaxAccountForCollection__","TaxAccount__","NonDeductibleTaxRate__"
"US01","I1","A/P Sales tax - taxable 5.5%","5.500","","","","","",""
"FR01","V4","TVA - 20%","20.000","","","","","",""
"US01","VN","16% domestic input tax","16.000","","","","","",""
"US01","A1","Standard rated VAT - 15%","15.000","","","","","",""
"FR01","V0","Exonération de TVA","0.000","","","","","",""
"US01","I0","A/P Sales tax - exempt","0.000","","","","","",""
"UK01","NO VAT","Miscellaneous without VAT","0.000","","","","","",""
"US01","VA","19% domestic input tax","19.000","","","","","",""
"FR01","V3","TVA - 19,6%","19.600","","","","","",""
"FR01","V5","TVA - 5.5%","5.500","","","","","",""
"US01","A0","Tax Exempt","0.000","","","","","",""
"UK01","VAT10","Miscellaneous with 10 % VAT","10.000","","","","","",""
"FR01","U1","TVA importation 15%","15.000","","","","","",""
"UK01","VAT25","Miscellaneous with 25 % VAT","25.000","","","","","",""
"FR01","V1","TVA - 10%","10.000","","","","","",""
